[
    {
        "num_registro": "2024/001",
        "nombre": "Juan",
        "primer_apellido": "Pérez",
        "segundo_apellido": "García",
        "dni": "12345678A",
        "fecha_nacimiento": "01-01-1995",
        "fecha_registro": "10-02-2024",
        "permiso_opta": "B",
        "domicilio": "Calle Mayor 10",
        "municipio": "Madrid",
        "provincia": "Madrid",
        "telefono1": "600123456",
        "telefono2": null,
        "correo": "juan.perez@email.com",
        "num_clases": 10,
        "profesor": "Carlos Ruiz",
        "examenes_teoricos": [
            "15-03-2024 10:00"
        ],
        "examenes_circulacion": [
            "22-03-2024 09:30"
        ],
        "total_anticipos": 0.0
    },
    {
        "num_registro": "2024/002",
        "nombre": "María",
        "primer_apellido": "López",
        "segundo_apellido": "Martínez",
        "dni": "23456789B",
        "fecha_nacimiento": "15-05-1996",
        "fecha_registro": "12-02-2024",
        "permiso_opta": "B",
        "domicilio": "Avenida Paseo 25",
        "municipio": "Barcelona",
        "provincia": "Barcelona",
        "telefono1": "600234567",
        "telefono2": null,
        "correo": "maria.lopez@email.com",
        "num_clases": 8,
        "profesor": "Ana Fernández",
        "examenes_teoricos": [],
        "examenes_circulacion": [],
        "total_anticipos": 0.0
    },
    {
        "num_registro": "2024/003",
        "nombre": "Carlos",
        "primer_apellido": "González",
        "segundo_apellido": "Rodríguez",
        "dni": "34567890C",
        "fecha_nacimiento": "22-03-1997",
        "fecha_registro": "14-02-2024",
        "permiso_opta": "A",
        "domicilio": "Plaza del Sol 5",
        "municipio": "Valencia",
        "provincia": "Valencia",
        "telefono1": "600345678",
        "telefono2": "600345679",
        "correo": "carlos.gonzalez@email.com",
        "num_clases": 12,
        "profesor": "Miguel Torres",
        "examenes_teoricos": [
            "20-03-2024 11:00"
        ],
        "examenes_circulacion": [],
        "total_anticipos": 0.0
    },
    {
        "num_registro": "2024/004",
        "nombre": "Laura",
        "primer_apellido": "Sánchez",
        "segundo_apellido": "Gómez",
        "dni": "45678901D",
        "fecha_nacimiento": "08-07-1994",
        "fecha_registro": "16-02-2024",
        "permiso_opta": "B",
        "domicilio": "Calle Real 42",
        "municipio": "Sevilla",
        "provincia": "Sevilla",
        "telefono1": "600456789",
        "telefono2": null,
        "correo": "laura.sanchez@email.com",
        "num_clases": 6,
        "profesor": "Carlos Ruiz",
        "examenes_teoricos": [],
        "examenes_circulacion": [],
        "total_anticipos": 0.0
    },
    {
        "num_registro": "2024/005",
        "nombre": "Diego",
        "primer_apellido": "Ramírez",
        "segundo_apellido": "López",
        "dni": "56789012E",
        "fecha_nacimiento": "30-11-1998",
        "fecha_registro": "18-02-2024",
        "permiso_opta": "B",
        "domicilio": "Avenida Central 88",
        "municipio": "Bilbao",
        "provincia": "Vizcaya",
        "telefono1": "600567890",
        "telefono2": null,
        "correo": "diego.ramirez@email.com",
        "num_clases": 9,
        "profesor": "Ana Fernández",
        "examenes_teoricos": [
            "25-03-2024 14:00"
        ],
        "examenes_circulacion": [
            "01-04-2024 10:00"
        ],
        "total_anticipos": 0.0
    },
    {
        "num_registro": "2024/006",
        "nombre": "Elena",
        "primer_apellido": "Martín",
        "segundo_apellido": "Jiménez",
        "dni": "67890123F",
        "fecha_nacimiento": "12-02-1996",
        "fecha_registro": "20-02-2024",
        "permiso_opta": "B",
        "domicilio": "Camino Verde 15",
        "municipio": "Malaga",
        "provincia": "Malaga",
        "telefono1": "600678901",
        "telefono2": null,
        "correo": "elena.martin@email.com",
        "num_clases": 7,
        "profesor": "Miguel Torres",
        "examenes_teoricos": [],
        "examenes_circulacion": [],
        "total_anticipos": 0.0
    },
    {
        "num_registro": "2024/007",
        "nombre": "Fernando",
        "primer_apellido": "Díaz",
        "segundo_apellido": "Moreno",
        "dni": "78901234G",
        "fecha_nacimiento": "19-09-1995",
        "fecha_registro": "22-02-2024",
        "permiso_opta": "A",
        "domicilio": "Pasaje Nuevo 60",
        "municipio": "Zaragoza",
        "provincia": "Zaragoza",
        "telefono1": "600789012",
        "telefono2": null,
        "correo": "fernando.diaz@email.com",
        "num_clases": 11,
        "profesor": "Carlos Ruiz",
        "examenes_teoricos": [
            "28-03-2024 09:00"
        ],
        "examenes_circulacion": [],
        "total_anticipos": 0.0
    },
    {
        "num_registro": "2024/008",
        "nombre": "Gabriela",
        "primer_apellido": "Flores",
        "segundo_apellido": "Santos",
        "dni": "89012345H",
        "fecha_nacimiento": "25-06-1997",
        "fecha_registro": "24-02-2024",
        "permiso_opta": "B",
        "domicilio": "Avenida Libertad 20",
        "municipio": "Palma",
        "provincia": "Baleares",
        "telefono1": "600890123",
        "telefono2": null,
        "correo": "gabriela.flores@email.com",
        "num_clases": 8,
        "profesor": "Ana Fernández",
        "examenes_teoricos": [],
        "examenes_circulacion": [
            "05-04-2024 15:00"
        ],
        "total_anticipos": 0.0
    },
    {
        "num_registro": "2024/009",
        "nombre": "Héctor",
        "primer_apellido": "Castro",
        "segundo_apellido": "Ruiz",
        "dni": "90123456I",
        "fecha_nacimiento": "03-04-1994",
        "fecha_registro": "26-02-2024",
        "permiso_opta": "B",
        "domicilio": "Calle Paz 35",
        "municipio": "Córdoba",
        "provincia": "Córdoba",
        "telefono1": "600901234",
        "telefono2": "600901235",
        "correo": "hector.castro@email.com",
        "num_clases": 10,
        "profesor": "Miguel Torres",
        "examenes_teoricos": [
            "30-03-2024 10:30"
        ],
        "examenes_circulacion": [],
        "total_anticipos": 0.0
    },
    {
        "num_registro": "2024/010",
        "nombre": "Isabela",
        "primer_apellido": "Navarro",
        "segundo_apellido": "Molina",
        "dni": "01234567J",
        "fecha_nacimiento": "14-10-1998",
        "fecha_registro": "28-02-2024",
        "permiso_opta": "B",
        "domicilio": "Calle Esperanza 50",
        "municipio": "Alicante",
        "provincia": "Alicante",
        "telefono1": "601012345",
        "telefono2": null,
        "correo": "isabela.navarro@email.com",
        "num_clases": 9,
        "profesor": "Carlos Ruiz",
        "examenes_teoricos": [],
        "examenes_circulacion": [],
        "total_anticipos": 0.0
    },
    {
        "num_registro": "2026/001",
        "nombre": "ed",
        "primer_apellido": "sa",
        "segundo_apellido": "fa",
        "dni": "123123123d",
        "fecha_nacimiento": "08-02-1997",
        "fecha_registro": "21-01-2026",
        "permiso_opta": "b",
        "domicilio": "asdf",
        "municipio": "asdf",
        "provincia": "asdf",
        "telefono1": "123123123",
        "telefono2": null,
        "correo": "asdf@asdf.es",
        "num_clases": 32,
        "profesor": "123123123",
        "examenes_teoricos": [],
        "examenes_circulacion": [],
        "total_anticipos": 0.0
    }
]