[
    {
        "alumno": "12345678A",
        "precio_matricula": 350.0,
        "num_clases_incluidas": 10,
        "num_clases_dadas": 14,
        "precio_clase": 30.0,
        "num_examenes": 2,
        "precio_examen": 120.0,
        "num_renovaciones": 1,
        "precio_renovacion": 80.0,
        "anticipos": 200.0
    },
    {
        "alumno": "23456789B",
        "precio_matricula": 350.0,
        "num_clases_incluidas": 10,
        "num_clases_dadas": 8,
        "precio_clase": 30.0,
        "num_examenes": 0,
        "precio_examen": 120.0,
        "num_renovaciones": 0,
        "precio_renovacion": 80.0,
        "anticipos": 100.0
    },
    {
        "alumno": "34567890C",
        "precio_matricula": 380.0,
        "num_clases_incluidas": 12,
        "num_clases_dadas": 15,
        "precio_clase": 32.0,
        "num_examenes": 1,
        "precio_examen": 140.0,
        "num_renovaciones": 0,
        "precio_renovacion": 90.0,
        "anticipos": 200.0
    },
    {
        "alumno": "45678901D",
        "precio_matricula": 350.0,
        "num_clases_incluidas": 10,
        "num_clases_dadas": 6,
        "precio_clase": 30.0,
        "num_examenes": 0,
        "precio_examen": 120.0,
        "num_renovaciones": 0,
        "precio_renovacion": 80.0,
        "anticipos": 120.0
    },
    {
        "alumno": "56789012E",
        "precio_matricula": 350.0,
        "num_clases_incluidas": 10,
        "num_clases_dadas": 12,
        "precio_clase": 30.0,
        "num_examenes": 2,
        "precio_examen": 120.0,
        "num_renovaciones": 1,
        "precio_renovacion": 80.0,
        "anticipos": 180.0
    },
    {
        "alumno": "67890123F",
        "precio_matricula": 350.0,
        "num_clases_incluidas": 10,
        "num_clases_dadas": 7,
        "precio_clase": 30.0,
        "num_examenes": 0,
        "precio_examen": 120.0,
        "num_renovaciones": 0,
        "precio_renovacion": 80.0,
        "anticipos": 140.0
    },
    {
        "alumno": "78901234G",
        "precio_matricula": 380.0,
        "num_clases_incluidas": 12,
        "num_clases_dadas": 13,
        "precio_clase": 32.0,
        "num_examenes": 1,
        "precio_examen": 140.0,
        "num_renovaciones": 0,
        "precio_renovacion": 90.0,
        "anticipos": 250.0
    },
    {
        "alumno": "89012345H",
        "precio_matricula": 350.0,
        "num_clases_incluidas": 10,
        "num_clases_dadas": 9,
        "precio_clase": 30.0,
        "num_examenes": 1,
        "precio_examen": 120.0,
        "num_renovaciones": 0,
        "precio_renovacion": 80.0,
        "anticipos": 110.0
    },
    {
        "alumno": "90123456I",
        "precio_matricula": 350.0,
        "num_clases_incluidas": 10,
        "num_clases_dadas": 11,
        "precio_clase": 30.0,
        "num_examenes": 2,
        "precio_examen": 120.0,
        "num_renovaciones": 1,
        "precio_renovacion": 80.0,
        "anticipos": 160.0
    },
    {
        "alumno": "01234567J",
        "precio_matricula": 350.0,
        "num_clases_incluidas": 10,
        "num_clases_dadas": 10,
        "precio_clase": 30.0,
        "num_examenes": 0,
        "precio_examen": 120.0,
        "num_renovaciones": 0,
        "precio_renovacion": 80.0,
        "anticipos": 175.0
    },
    {
        "alumno": "23456789B",
        "precio_matricula": 550.0,
        "num_clases_incluidas": 12,
        "num_clases_dadas": 1,
        "precio_clase": 52.0,
        "num_examenes": 0,
        "precio_examen": 105.0,
        "num_renovaciones": 0,
        "precio_renovacion": 210.0,
        "anticipos": 100.0
    },
    {
        "alumno": "34567890C",
        "precio_matricula": 500.0,
        "num_clases_incluidas": 10,
        "num_clases_dadas": 1,
        "precio_clase": 50.0,
        "num_examenes": 1,
        "precio_examen": 100.0,
        "num_renovaciones": 0,
        "precio_renovacion": 200.0,
        "anticipos": 200.0
    },
    {
        "alumno": "45678901D",
        "precio_matricula": 550.0,
        "num_clases_incluidas": 12,
        "num_clases_dadas": 1,
        "precio_clase": 52.0,
        "num_examenes": 0,
        "precio_examen": 105.0,
        "num_renovaciones": 0,
        "precio_renovacion": 210.0,
        "anticipos": 120.0
    }
]